"Program","Luminex 100 IS"
"Build","2.3"
"Date","10/29/2010","11:06:38 AM"

"SN","LX10008127404"
"Session","CSFVacTestP6~6.5_10292010"
"Operator","Teresa Waligorska"
"TemplateID","1"
"TemplateName","Template,11/19/2008,10:00"
"TemplateVersion","1"
"TemplateDescription","CSF biomarkers 7sts"
"TemplateDevelopingCompany","UPenn"
"TemplateAuthor","MargaretKnapik-Czajka"
"SampleVolume","50 uL"
"DDGate","7500 to 15000"
"SampleTimeout","80 sec"
"BatchAuthor","Teresa Waligorska"
"BatchStartTime","10/29/2010 10:31:56 AM"
"BatchStopTime","10/29/2010 11:04:40 AM"
"BatchDescription","<None>"
"BatchComment",""
"CALInfo:"
"ProductName","ProductNo","LotName","ExpirationDate","CalibrationTime","BoardTemp","DDTemp","CL1Temp","CL2Temp","Pressure","DDVolts","CL1Volts","CL2Volts","RP1Volts","DDRVal","CL1RVal","CL2RVal","Passed","MachineSerialNo"
"Classification Calibrator","L100-CAL1","B15184","12/16/2011 11:59:59 PM","10/11/2010 11:29:12 AM","25.6944444444444","25.26","25.04","24.39","6.8","70.3","99.76","103.56","-1","422","921","1044","True","LX10008127404"
"Reporter Calibrator","L100-CAL2","B15185","12/16/2011 11:59:59 PM","10/11/2010 11:30:31 AM","25.9114583333333","-1","-1","-1","6.8","-1","-1","-1","558.5","-1","0","-1","True","LX10008127404"
"CONInfo:"
"ProductName","ProductNo","LotName","ExpirationDate","VerificationTime","GatedBeads","MachineSerialNo","Passed"
"Classification Control","L100-CON1","B15567","1/16/2012 11:59:59 PM","10/11/2010 11:33:05 AM","5366","LX10008127404","True"
"Reporter Control","L100-CON2","B15113","12/11/2011 11:59:59 PM","10/11/2010 11:34:10 AM","4309","LX10008127404","True"
"AssayLotInfo:"
"ManufacturerName","ProductName","ProductNo","ProductType","LotName","ExpirationDate"
"INNX","Inno-BIA AlzBio3","80584","Assay Standard","207751","5/31/2012 11:59:59 PM"
"INNX","Inno-BIA AlzBio3","80584","Assay Control","207751","5/31/2012 11:59:59 PM"




"Samples","48","Min Events","0"

"Results"

"DataType:","Median"
"Location","Sample","Abeta1-42","P-tau181P","tau","Total Events","Notes"
"1 (A1)","Background","11","9.5","3","365",""
"2 (B1)","St1","20492.5","11280","20390","322",""
"3 (C1)","St2","14921","5880","13512","344",""
"4 (D1)","St3","9439.5","2072","6046","333",""
"5 (E1)","St4","5677","563.5","1659","316",""
"6 (F1)","St5","2745.5","151","465","364",""
"7 (G1)","St6","1445.5","46.5","99","306",""
"8 (H1)","St7","222.5","14","16","333",""
"9 (A2)","Background","12","10","3","385",""
"10 (B2)","St1","19465","10007","21275","332",""
"11 (C2)","St2","13989.5","5576.5","13220","324",""
"12 (D2)","St3","9212","1774","5644","340",""
"13 (E2)","St4","5161","544","1757","388",""
"14 (F2)","St5","2516","154","447.5","367",""
"15 (G2)","St6","1473","47","104","333",""
"16 (H2)","St7","224","15","18","388",""
"17 (A3)","ConA","3997","185","1014.5","372",""
"18 (B3)","ConB","1869","870","4267","335",""
"19 (C3)","3507","14496.5","1180.5","522","349",""
"20 (D3)","3512","1698.5","299","466","326",""
"21 (E3)","3509","3647","4190.5","11336.5","340",""
"22 (F3)","A-1","4163","182.5","332.5","377",""
"23 (G3)","A-2","3789","180","413","367",""
"24 (H3)","QC-L-1","4157","91","359.5","368",""
"25 (A4)","ConA","4002.5","189","936","309",""
"26 (B4)","ConB","1858.5","751","3362","358",""
"27 (C4)","3507","13624","900","530","368",""
"28 (D4)","3512","1689.5","267","455.5","309",""
"29 (E4)","3509","3317.5","3606","10392","362",""
"30 (F4)","A-1","3708","159.5","354.5","362",""
"31 (G4)","A-2","3814.5","146","355","355",""
"32 (H4)","QC-L-1","3935","89","391.5","354",""
"33 (A5)","QC-L-2","3855","82","396.5","316",""
"34 (B5)","45-1","1501.5","242.5","2389","358",""
"35 (C5)","45-2","1623","263.5","2764","343",""
"36 (D5)","48-1","4233.5","132","1894.5","373",""
"37 (E5)","48-2","4122","131.5","1679.5","330",""
"38 (F5)","52-1","4113.5","47","229","348",""
"39 (G5)","52-2","3776","52","224","384",""
"40 (H5)","background","10","9","3","356",""
"41 (A6)","QC-L-2","3889.5","98","351","316",""
"42 (B6)","45-1","1614","269.5","2696.5","331",""
"43 (C6)","45-2","1590","253","2643","368",""
"44 (D6)","48-1","4201.5","136","1935.5","325",""
"45 (E6)","48-2","4103","137","1673","351",""
"46 (F6)","52-1","4035","51","219.5","326",""
"47 (G6)","52-2","3811.5","49","222","344",""
"48 (H6)","background","11","9","3","337",""

"DataType:","Result"
"Location","Sample","Abeta1-42","P-tau181P","tau","Total Events","Notes"
"1 (A1)","Background","N/A","N/A","N/A","365",""
"2 (B1)","St1","1907.79 pg/mL","215.51 pg/mL","1325.90 pg/mL","322",""
"3 (C1)","St2","940.53 pg/mL","137.92 pg/mL","627.86 pg/mL","344",""
"4 (D1)","St3","428.30 pg/mL","79.48 pg/mL","284.77 pg/mL","333",""
"5 (E1)","St4","217.15 pg/mL","43.19 pg/mL","120.45 pg/mL","316",""
"6 (F1)","St5","101.81 pg/mL","23.50 pg/mL","59.06 pg/mL","364",""
"7 (G1)","St6","59.74 pg/mL","12.84 pg/mL","25.77 pg/mL","306",""
"8 (H1)","St7","20.31 pg/mL","3.99 pg/mL","8.24 pg/mL","333",""
"9 (A2)","Background","N/A","N/A","N/A","385",""
"10 (B2)","St1","1679.85 pg/mL","196.07 pg/mL","1498.89 pg/mL","332",""
"11 (C2)","St2","830.37 pg/mL","133.69 pg/mL","610.26 pg/mL","324",""
"12 (D2)","St3","412.96 pg/mL","73.72 pg/mL","269.97 pg/mL","340",""
"13 (E2)","St4","194.26 pg/mL","42.50 pg/mL","124.62 pg/mL","388",""
"14 (F2)","St5","94.08 pg/mL","23.72 pg/mL","57.85 pg/mL","367",""
"15 (G2)","St6","60.60 pg/mL","12.92 pg/mL","26.47 pg/mL","333",""
"16 (H2)","St7","20.36 pg/mL","4.65 pg/mL","9.05 pg/mL","388",""
"17 (A3)","ConA","146.92 pg/mL","25.86 pg/mL","90.72 pg/mL","372",""
"18 (B3)","ConB","73.05 pg/mL","52.74 pg/mL","219.99 pg/mL","335",""
"19 (C3)","3507","888.91 pg/mL","60.78 pg/mL","62.88 pg/mL","349",""
"20 (D3)","3512","67.66 pg/mL","32.31 pg/mL","59.13 pg/mL","326",""
"21 (E3)","3509","133.75 pg/mL","113.89 pg/mL","507.81 pg/mL","340",""
"22 (F3)","A-1","153.33 pg/mL","25.69 pg/mL","49.32 pg/mL","377",""
"23 (G3)","A-2","139.04 pg/mL","25.53 pg/mL","55.41 pg/mL","367",""
"24 (H3)","QC-L-1","153.10 pg/mL","18.37 pg/mL","51.43 pg/mL","368",""
"25 (A4)","ConA","147.13 pg/mL","26.12 pg/mL","86.71 pg/mL","309",""
"26 (B4)","ConB","72.72 pg/mL","49.28 pg/mL","187.00 pg/mL","358",""
"27 (C4)","3507","790.15 pg/mL","53.57 pg/mL","63.40 pg/mL","368",""
"28 (D4)","3512","67.37 pg/mL","30.66 pg/mL","58.41 pg/mL","309",""
"29 (E4)","3509","121.76 pg/mL","105.12 pg/mL","462.32 pg/mL","362",""
"30 (F4)","A-1","136.02 pg/mL","24.12 pg/mL","51.04 pg/mL","362",""
"31 (G4)","A-2","140.00 pg/mL","23.12 pg/mL","51.08 pg/mL","355",""
"32 (H4)","QC-L-1","144.56 pg/mL","18.17 pg/mL","53.84 pg/mL","354",""
"33 (A5)","QC-L-2","141.53 pg/mL","17.43 pg/mL","54.20 pg/mL","316",""
"34 (B5)","45-1","61.48 pg/mL","29.33 pg/mL","150.22 pg/mL","358",""
"35 (C5)","45-2","65.29 pg/mL","30.48 pg/mL","164.65 pg/mL","343",""
"36 (D5)","48-1","156.09 pg/mL","22.04 pg/mL","130.37 pg/mL","373",""
"37 (E5)","48-2","151.74 pg/mL","22.00 pg/mL","121.33 pg/mL","330",""
"38 (F5)","52-1","151.41 pg/mL","12.92 pg/mL","40.41 pg/mL","348",""
"39 (G5)","52-2","138.55 pg/mL","13.68 pg/mL","39.94 pg/mL","384",""
"40 (H5)","background","<15.67 pg/mL","<4 pg/mL","<7.33 pg/mL","356",""
"41 (A6)","QC-L-2","142.83 pg/mL","19.06 pg/mL","50.77 pg/mL","316",""
"42 (B6)","45-1","65.00 pg/mL","30.80 pg/mL","162.09 pg/mL","331",""
"43 (C6)","45-2","64.25 pg/mL","29.91 pg/mL","160.04 pg/mL","368",""
"44 (D6)","48-1","154.84 pg/mL","22.35 pg/mL","132.06 pg/mL","325",""
"45 (E6)","48-2","151.00 pg/mL","22.43 pg/mL","121.05 pg/mL","351",""
"46 (F6)","52-1","148.38 pg/mL","13.53 pg/mL","39.51 pg/mL","326",""
"47 (G6)","52-2","139.89 pg/mL","13.23 pg/mL","39.75 pg/mL","344",""
"48 (H6)","background","<15.67 pg/mL","<4 pg/mL","<7.33 pg/mL","337",""

"DataType:","Count"
"Location","Sample","Abeta1-42","P-tau181P","tau","Total Events","Notes"
"1 (A1)","Background","100","132","133","365",""
"2 (B1)","St1","100","117","105","322",""
"3 (C1)","St2","105","139","100","344",""
"4 (D1)","St3","100","127","106","333",""
"5 (E1)","St4","100","116","100","316",""
"6 (F1)","St5","100","153","111","364",""
"7 (G1)","St6","100","106","100","306",""
"8 (H1)","St7","100","123","110","333",""
"9 (A2)","Background","100","166","119","385",""
"10 (B2)","St1","119","113","100","332",""
"11 (C2)","St2","100","124","100","324",""
"12 (D2)","St3","113","127","100","340",""
"13 (E2)","St4","127","161","100","388",""
"14 (F2)","St5","119","148","100","367",""
"15 (G2)","St6","100","118","115","333",""
"16 (H2)","St7","100","155","133","388",""
"17 (A3)","ConA","100","160","112","372",""
"18 (B3)","ConB","100","131","104","335",""
"19 (C3)","3507","100","128","121","349",""
"20 (D3)","3512","100","113","113","326",""
"21 (E3)","3509","102","138","100","340",""
"22 (F3)","A-1","133","144","100","377",""
"23 (G3)","A-2","113","154","100","367",""
"24 (H3)","QC-L-1","107","161","100","368",""
"25 (A4)","ConA","102","107","100","309",""
"26 (B4)","ConB","100","145","113","358",""
"27 (C4)","3507","100","165","103","368",""
"28 (D4)","3512","100","109","100","309",""
"29 (E4)","3509","100","147","115","362",""
"30 (F4)","A-1","112","150","100","362",""
"31 (G4)","A-2","114","141","100","355",""
"32 (H4)","QC-L-1","125","129","100","354",""
"33 (A5)","QC-L-2","105","111","100","316",""
"34 (B5)","45-1","116","142","100","358",""
"35 (C5)","45-2","100","134","109","343",""
"36 (D5)","48-1","100","139","134","373",""
"37 (E5)","48-2","102","128","100","330",""
"38 (F5)","52-1","100","148","100","348",""
"39 (G5)","52-2","100","149","135","384",""
"40 (H5)","background","100","141","115","356",""
"41 (A6)","QC-L-2","106","110","100","316",""
"42 (B6)","45-1","107","124","100","331",""
"43 (C6)","45-2","100","168","100","368",""
"44 (D6)","48-1","110","115","100","325",""
"45 (E6)","48-2","100","116","135","351",""
"46 (F6)","52-1","107","119","100","326",""
"47 (G6)","52-2","100","124","120","344",""
"48 (H6)","background","110","127","100","337",""

"DataType:","Mean"
"Location","Sample","Abeta1-42","P-tau181P","tau","Total Events","Notes"
"1 (A1)","Background","12.79","10.0378787878788","3.54887218045113","365",""
"2 (B1)","St1","20407.87","11678.9829059829","20544.5428571429","322",""
"3 (C1)","St2","14918.3047619048","6372.51079136691","13832.19","344",""
"4 (D1)","St3","9340.25","2486.55118110236","5940.74528301887","333",""
"5 (E1)","St4","5772.56","696.146551724138","1701.53","316",""
"6 (F1)","St5","2935.11","189.444444444444","487.279279279279","364",""
"7 (G1)","St6","1489.03","52.4811320754717","104.35","306",""
"8 (H1)","St7","232.51","15.3170731707317","19.1454545454545","333",""
"9 (A2)","Background","14.57","10.2771084337349","3.63025210084034","385",""
"10 (B2)","St1","20220.6638655462","10781.8849557522","20982.7","332",""
"11 (C2)","St2","14155.68","5871.67741935484","13671.16","324",""
"12 (D2)","St3","9404.49557522124","2055.54330708661","5628.24","340",""
"13 (E2)","St4","5292.83464566929","645.378881987578","1703.54","388",""
"14 (F2)","St5","2546.17647058824","197.141891891892","466.87","367",""
"15 (G2)","St6","1496.57","62.4406779661017","106.765217391304","333",""
"16 (H2)","St7","259.24","16.9548387096774","20.9097744360902","388",""
"17 (A3)","ConA","4087.66","203.23125","1053.25892857143","372",""
"18 (B3)","ConB","1839.69","1018.56488549618","4136","335",""
"19 (C3)","3507","14940.39","1341.7890625","558.768595041322","349",""
"20 (D3)","3512","1819.7","418.132743362832","492.238938053097","326",""
"21 (E3)","3509","3814.90196078431","4437.78260869565","11021.59","340",""
"22 (F3)","A-1","4108.15789473684","266.645833333333","370.38","377",""
"23 (G3)","A-2","3878.61061946903","268.74025974026","453.22","367",""
"24 (H3)","QC-L-1","4279.70093457944","131.304347826087","392.25","368",""
"25 (A4)","ConA","4136.58823529412","256.158878504673","974.51","309",""
"26 (B4)","ConB","1875.13","843.986206896552","3415.93805309735","358",""
"27 (C4)","3507","13318.1","974.090909090909","548.087378640777","368",""
"28 (D4)","3512","2114.74","303.403669724771","469.7","309",""
"29 (E4)","3509","3503.91","4009.12244897959","10314.1652173913","362",""
"30 (F4)","A-1","3759.20535714286","224.866666666667","376.35","362",""
"31 (G4)","A-2","3920.71052631579","222.539007092199","420.03","355",""
"32 (H4)","QC-L-1","4148.584","136.875968992248","468.25","354",""
"33 (A5)","QC-L-2","3984.06666666667","114.171171171171","404.25","316",""
"34 (B5)","45-1","1491.36206896552","420.450704225352","2646.23","358",""
"35 (C5)","45-2","1817.33","520.029850746269","2867.54128440367","343",""
"36 (D5)","48-1","4224.61","194.194244604317","2295.86567164179","373",""
"37 (E5)","48-2","4107.63725490196","230.6015625","2254.69","330",""
"38 (F5)","52-1","4158.5","70.2702702702703","254.4","348",""
"39 (G5)","52-2","3798.79","74.1812080536913","258.214814814815","384",""
"40 (H5)","background","58.1","9.46099290780142","273.530434782609","356",""
"41 (A6)","QC-L-2","3925.47169811321","132.909090909091","393.19","316",""
"42 (B6)","45-1","1602.7476635514","422.556451612903","2848.85","331",""
"43 (C6)","45-2","1619.61","388.02380952381","2992.39","368",""
"44 (D6)","48-1","4089.55454545455","176.504347826087","2194.31","325",""
"45 (E6)","48-2","4130.73","180.991379310345","1905.24444444444","351",""
"46 (F6)","52-1","4126.5046728972","75.6470588235294","283.47","326",""
"47 (G6)","52-2","3784.6","66.6370967741936","273.025","344",""
"48 (H6)","background","53.1272727272727","11.9606299212598","6.7","337",""

"DataType:","%CV"
"Location","Sample","Abeta1-42","P-tau181P","tau","Total Events","Notes"
"1 (A1)","Background","56.252447189723","37.9682155864445","85.9778660125053","365",""
"2 (B1)","St1","16.6191910834155","29.5109348370927","17.7569889468975","322",""
"3 (C1)","St2","22.1577605900994","38.2010989696813","26.0029314959707","344",""
"4 (D1)","St3","21.413333095609","71.4031690898936","37.4972493812312","333",""
"5 (E1)","St4","27.9520374748966","67.9728874379108","60.0131976076728","316",""
"6 (F1)","St5","39.0855261216636","65.0736994699739","50.1028869667904","364",""
"7 (G1)","St6","26.9681790174058","60.5447541365892","41.1010551402408","306",""
"8 (H1)","St7","38.3871567716348","47.9051091968319","106.480137074552","333",""
"9 (A2)","Background","123.311199601355","39.6752819259199","81.6104397209786","385",""
"10 (B2)","St1","21.0451729201818","35.3465217615933","15.2393458733625","332",""
"11 (C2)","St2","22.3932978923481","35.6662196895959","25.8342175868405","324",""
"12 (D2)","St3","25.3815785747492","78.597330266258","37.2946841075182","340",""
"13 (E2)","St4","28.6052024813597","67.581143753621","47.961180387575","388",""
"14 (F2)","St5","26.1612370721502","74.8037564811008","49.0316597959406","367",""
"15 (G2)","St6","32.8371557772568","114.700145214281","46.208806839857","333",""
"16 (H2)","St7","164.820620399125","61.2989806731638","71.2361626556573","388",""
"17 (A3)","ConA","29.4916115104261","53.2420643829679","43.5328671772032","372",""
"18 (B3)","ConB","29.6104206214492","61.7192871696985","38.8139104212389","335",""
"19 (C3)","3507","30.3252298075644","58.5117298816439","53.1884936929877","349",""
"20 (D3)","3512","82.425959159266","127.63282959845","43.4172929502802","326",""
"21 (E3)","3509","34.633736173313","42.7479286008694","30.5099131335175","340",""
"22 (F3)","A-1","29.1371909198918","161.715799531852","49.5086903139377","377",""
"23 (G3)","A-2","29.3359129721721","104.227181253781","45.4259665632739","367",""
"24 (H3)","QC-L-1","42.3228330203333","91.21022979919","47.0797861934462","368",""
"25 (A4)","ConA","24.5390745625239","103.243904972139","41.9347289133665","309",""
"26 (B4)","ConB","26.1697638778475","71.8155783358425","45.6868131327766","358",""
"27 (C4)","3507","29.5278913447357","43.7932715197862","49.5352406239673","368",""
"28 (D4)","3512","113.488505876496","42.0535531090618","45.3090856248495","309",""
"29 (E4)","3509","32.3847462897056","37.6603614608873","34.358534042154","362",""
"30 (F4)","A-1","28.4545532856458","141.436447175642","44.4746093637064","362",""
"31 (G4)","A-2","33.029548113969","159.275378425787","59.2614647994573","355",""
"32 (H4)","QC-L-1","34.3306917322678","109.615202710058","69.7601951800612","354",""
"33 (A5)","QC-L-2","38.1259241642986","102.413230825416","42.2439233995076","316",""
"34 (B5)","45-1","37.7580994385318","144.530246637522","51.2858838412666","358",""
"35 (C5)","45-2","80.6362955503354","243.429494121409","34.3673363250352","343",""
"36 (D5)","48-1","26.6825139005891","119.040290348098","92.0498490429321","373",""
"37 (E5)","48-2","36.0174618364261","171.524532763753","88.8952623763341","330",""
"38 (F5)","52-1","28.3186457208416","108.240632094698","72.0329294384137","348",""
"39 (G5)","52-2","29.9993158852697","101.57933623897","54.8203809276031","384",""
"40 (H5)","background","802.254217035784","38.6609271668557","1048.3848789937","356",""
"41 (A6)","QC-L-2","33.8290807419487","74.5677738447381","59.2419798057342","316",""
"42 (B6)","45-1","31.7408233592328","149.836200952852","42.7095588565139","331",""
"43 (C6)","45-2","35.6496162582323","98.2192867735525","52.9622307895643","368",""
"44 (D6)","48-1","26.0776208143198","71.8169595613082","84.969655386005","325",""
"45 (E6)","48-2","25.8419909752822","71.3308497673267","56.8196789377059","351",""
"46 (F6)","52-1","29.7251619299398","111.914988502126","99.8587219351407","326",""
"47 (G6)","52-2","24.9456716636867","113.957493352586","116.471490223047","344",""
"48 (H6)","background","806.424981022623","177.588033373766","414.735088207886","337",""

"DataType:","Peak"
"Location","Sample","Abeta1-42","P-tau181P","tau","Total Events","Notes"
"1 (A1)","Background","9","9","0","365",""
"2 (B1)","St1","13081","10","2","322",""
"3 (C1)","St2","7432","5650","3","344",""
"4 (D1)","St3","2249","1886","628","333",""
"5 (E1)","St4","5786","401","1775","316",""
"6 (F1)","St5","59","121","235","364",""
"7 (G1)","St6","1440","44","98","306",""
"8 (H1)","St7","171","14","14","333",""
"9 (A2)","Background","12","9","0","385",""
"10 (B2)","St1","19465","9587","11689","332",""
"11 (C2)","St2","11","84","3085","324",""
"12 (D2)","St3","163","1456","1783","340",""
"13 (E2)","St4","3991","431","1219","388",""
"14 (F2)","St5","2021","131","323","367",""
"15 (G2)","St6","1220","36","55","333",""
"16 (H2)","St7","184","15","10","388",""
"17 (A3)","ConA","3361","181","265","372",""
"18 (B3)","ConB","1358","676","2540","335",""
"19 (C3)","3507","1487","1033","275","349",""
"20 (D3)","3512","1266","194","155","326",""
"21 (E3)","3509","3932","3585","207","340",""
"22 (F3)","A-1","4158","152","160","377",""
"23 (G3)","A-2","3511","153","416","367",""
"24 (H3)","QC-L-1","3692","89","310","368",""
"25 (A4)","ConA","4107","170","720","309",""
"26 (B4)","ConB","1874","548","3541","358",""
"27 (C4)","3507","1775","521","511","368",""
"28 (D4)","3512","1359","275","217","309",""
"29 (E4)","3509","0","2325","9355","362",""
"30 (F4)","A-1","3537","105","382","362",""
"31 (G4)","A-2","4009","120","336","355",""
"32 (H4)","QC-L-1","3211","67","347","354",""
"33 (A5)","QC-L-2","46","55","486","316",""
"34 (B5)","45-1","707","153","1908","358",""
"35 (C5)","45-2","1143","214","2403","343",""
"36 (D5)","48-1","4221","110","1385","373",""
"37 (E5)","48-2","2997","100","1415","330",""
"38 (F5)","52-1","4068","40","188","348",""
"39 (G5)","52-2","4292","39","146","384",""
"40 (H5)","background","8","9","3","356",""
"41 (A6)","QC-L-2","9","69","259","316",""
"42 (B6)","45-1","1576","206","3078","331",""
"43 (C6)","45-2","898","7","3149","368",""
"44 (D6)","48-1","3930","94","1550","325",""
"45 (E6)","48-2","934","106","1611","351",""
"46 (F6)","52-1","1195","45","164","326",""
"47 (G6)","52-2","3151","36","205","344",""
"48 (H6)","background","13","12","2","337",""

"DataType:","StdDev"
"Location","Sample","Abeta1-42","P-tau181P","tau","Total Events","Notes"
"1 (A1)","Background","7.19468799556557","3.8112034584878","3.05124456826335","365",""
"2 (B1)","St1","3391.62291135502","3446.57703501981","3648.09220433348","322",""
"3 (C1)","St2","3305.56225324426","2434.36915426369","3596.77489009251","344",""
"4 (D1)","St3","2000.05884446262","1775.47634434927","2227.61607387732","333",""
"5 (E1)","St4","1613.54813446089","473.190912006346","1021.14256125383","316",""
"6 (F1)","St5","1147.20318574956","123.278508440339","244.140986509888","364",""
"7 (G1)","St6","401.564276022878","31.774572383193","42.8889510388412","306",""
"8 (H1)","St7","89.2539782097281","7.33766062819767","20.386106243546","333",""
"9 (A2)","Background","17.9664417819175","4.07747174491683","2.96266470247586","385",""
"10 (B2)","St1","4255.47367611292","3811.02131219491","3197.62622657003","332",""
"11 (C2)","St2","3169.92359108754","2094.20536785149","3531.8372210451","324",""
"12 (D2)","St3","2387.00943398359","1615.60216183683","2099.03432881298","340",""
"13 (E2)","St4","1514.02606739726","436.154429991537","817.037892374495","388",""
"14 (F2)","St5","666.111262745894","147.469540733046","228.914110089308","367",""
"15 (G2)","St6","491.431022215692","71.6195482999002","49.3349330765012","333",""
"16 (H2)","St7","427.280976322692","10.3931433038113","14.8953209282243","388",""
"17 (A3)","ConA","1205.51680706708","108.20451297131","458.513810407033","372",""
"18 (B3)","ConB","544.739947130739","628.6509866891","1605.34333502244","335",""
"19 (C3)","3507","4530.70760164637","785.103991831442","297.20059893195","349",""
"20 (D3)","3512","1499.90517882116","533.674651831606","213.716821749862","326",""
"21 (E3)","3509","1321.24308036858","1897.06014102701","3362.67753493245","340",""
"22 (F3)","A-1","1197.00180908008","431.20844129337","183.370287184762","377",""
"23 (G3)","A-2","1137.82583585686","280.100397621361","205.87956565807","367",""
"24 (H3)","QC-L-1","1811.2906803117","119.762997388502","184.670461343793","368",""
"25 (A4)","ConA","1015.08047140341","264.468429101062","408.658126733648","309",""
"26 (B4)","ConB","490.717093402681","606.113575557499","1560.63323504999","358",""
"27 (C4)","3507","3932.55409718324","426.586276667735","271.496401839303","368",""
"28 (D4)","3512","2399.98682917261","127.592023382549","212.816775179918","309",""
"29 (E4)","3509","1134.73236371963","1509.85000569529","3543.7959673814","362",""
"30 (F4)","A-1","1069.66509146507","318.043424215626","167.380192340309","362",""
"31 (G4)","A-2","1294.99296969892","354.449845691087","248.915930597161","355",""
"32 (H4)","QC-L-1","1424.23758429418","150.036870872209","326.652113930637","354",""
"33 (A5)","QC-L-2","1518.96223598843","116.926385067612","170.77106034251","316",""
"34 (B5)","45-1","563.109972988545","607.678439806099","1357.14244397275","358",""
"35 (C5)","45-2","1465.42758992491","1265.90603495196","985.497557470244","343",""
"36 (D5)","48-1","1127.23215049568","231.169392616275","2113.34088497477","373",""
"37 (E5)","48-2","1479.46668066313","395.538252624039","2004.31259127297","330",""
"38 (F5)","52-1","1177.6308823012","76.060984715193","183.251772491324","348",""
"39 (G5)","52-2","1139.61101191804","75.3527787549889","141.554345092986","384",""
"40 (H5)","background","466.109700097791","3.65770757734649","2867.6517177066","356",""
"41 (A6)","QC-L-2","1327.95099025706","99.1073503281882","232.933540398166","316",""
"42 (B6)","45-1","508.725304782081","633.142533977952","1216.7312674838","331",""
"43 (C6)","45-2","577.384749879956","381.114218225854","1584.83649792384","368",""
"44 (D6)","48-1","1066.45852735842","126.760056102212","1864.49764510065","325",""
"45 (E6)","48-2","1067.46287381328","129.102688867675","1082.55377631181","351",""
"46 (F6)","52-1","1226.61019606522","84.6603971845494","283.069519069543","326",""
"47 (G6)","52-2","944.093889783888","75.9379651268081","317.996286181474","344",""
"48 (H6)","background","428.431599008746","21.2406474562795","27.7872509099283","337",""

"DataType:","Trimmed Count"
"Location","Sample","Abeta1-42","P-tau181P","tau","Total Events","Notes"
"1 (A1)","Background","90","120","121","365",""
"2 (B1)","St1","90","107","95","322",""
"3 (C1)","St2","95","127","90","344",""
"4 (D1)","St3","90","115","96","333",""
"5 (E1)","St4","90","106","90","316",""
"6 (F1)","St5","90","139","101","364",""
"7 (G1)","St6","90","96","90","306",""
"8 (H1)","St7","90","111","100","333",""
"9 (A2)","Background","90","150","109","385",""
"10 (B2)","St1","109","103","90","332",""
"11 (C2)","St2","90","112","90","324",""
"12 (D2)","St3","103","115","90","340",""
"13 (E2)","St4","115","145","90","388",""
"14 (F2)","St5","109","134","90","367",""
"15 (G2)","St6","90","108","105","333",""
"16 (H2)","St7","90","141","121","388",""
"17 (A3)","ConA","90","144","102","372",""
"18 (B3)","ConB","90","119","94","335",""
"19 (C3)","3507","90","116","109","349",""
"20 (D3)","3512","90","103","103","326",""
"21 (E3)","3509","92","126","90","340",""
"22 (F3)","A-1","121","130","90","377",""
"23 (G3)","A-2","103","140","90","367",""
"24 (H3)","QC-L-1","97","145","90","368",""
"25 (A4)","ConA","92","97","90","309",""
"26 (B4)","ConB","90","131","103","358",""
"27 (C4)","3507","90","149","93","368",""
"28 (D4)","3512","90","99","90","309",""
"29 (E4)","3509","90","133","105","362",""
"30 (F4)","A-1","102","136","90","362",""
"31 (G4)","A-2","104","127","90","355",""
"32 (H4)","QC-L-1","113","117","90","354",""
"33 (A5)","QC-L-2","95","101","90","316",""
"34 (B5)","45-1","106","128","90","358",""
"35 (C5)","45-2","90","122","99","343",""
"36 (D5)","48-1","90","127","122","373",""
"37 (E5)","48-2","92","116","90","330",""
"38 (F5)","52-1","90","134","90","348",""
"39 (G5)","52-2","90","135","123","384",""
"40 (H5)","background","90","127","105","356",""
"41 (A6)","QC-L-2","96","100","90","316",""
"42 (B6)","45-1","97","112","90","331",""
"43 (C6)","45-2","90","152","90","368",""
"44 (D6)","48-1","100","105","90","325",""
"45 (E6)","48-2","90","106","123","351",""
"46 (F6)","52-1","97","109","90","326",""
"47 (G6)","52-2","90","112","108","344",""
"48 (H6)","background","100","115","90","337",""

"DataType:","Trimmed Mean"
"Location","Sample","Abeta1-42","P-tau181P","tau","Total Events","Notes"
"1 (A1)","Background","12.1666666666667","9.96666666666667","3.35537190082645","365",""
"2 (B1)","St1","20390.0333333333","11523.4112149533","20669.4","322",""
"3 (C1)","St2","14858.1894736842","6105.51968503937","13814.8333333333","344",""
"4 (D1)","St3","9342.78888888889","2260.80869565217","5858.30208333333","333",""
"5 (E1)","St4","5722.96666666667","628.198113207547","1634.44444444444","316",""
"6 (F1)","St5","2849.4","172.10071942446","476.831683168317","364",""
"7 (G1)","St6","1489.07777777778","49.21875","102.244444444444","306",""
"8 (H1)","St7","228.155555555556","14.6396396396396","16.68","333",""
"9 (A2)","Background","12.7555555555556","10.0733333333333","3.43119266055046","385",""
"10 (B2)","St1","20184.880733945","10578.7669902913","21060.8111111111","332",""
"11 (C2)","St2","14264.7444444444","5709.17857142857","13616.2777777778","324",""
"12 (D2)","St3","9342.73786407767","1830.67826086957","5565","340",""
"13 (E2)","St4","5226.8","580.337931034483","1689.17777777778","388",""
"14 (F2)","St5","2557.81651376147","173.962686567164","457.277777777778","367",""
"15 (G2)","St6","1466.34444444444","51.1944444444444","104.161904761905","333",""
"16 (H2)","St7","217.033333333333","15.4255319148936","19.1404958677686","388",""
"17 (A3)","ConA","4041.81111111111","192.409722222222","1045.86274509804","372",""
"18 (B3)","ConB","1845.1","934.487394957983","4137.68085106383","335",""
"19 (C3)","3507","14934.8777777778","1245.61206896552","549.954128440367","349",""
"20 (D3)","3512","1717.62222222222","339.388349514563","490.592233009709","326",""
"21 (E3)","3509","3703.51086956522","4260.2380952381","11154.9","340",""
"22 (F3)","A-1","4149.07438016529","196.830769230769","357.777777777778","377",""
"23 (G3)","A-2","3897.8640776699","229.857142857143","433.488888888889","367",""
"24 (H3)","QC-L-1","4090.56701030928","113.703448275862","373.766666666667","368",""
"25 (A4)","ConA","4117.8152173913","208.226804123711","960.2","309",""
"26 (B4)","ConB","1856.13333333333","773.381679389313","3408.19417475728","358",""
"27 (C4)","3507","13389.0444444444","943.187919463087","535.956989247312","368",""
"28 (D4)","3512","1749.11111111111","290.020202020202","463.455555555556","309",""
"29 (E4)","3509","3455","3901.37593984962","10411.8095238095","362",""
"30 (F4)","A-1","3739.85294117647","175.308823529412","361.822222222222","362",""
"31 (G4)","A-2","3879.49038461538","172.874015748031","393.566666666667","355",""
"32 (H4)","QC-L-1","4048.86725663717","112.726495726496","432.322222222222","354",""
"33 (A5)","QC-L-2","3931.72631578947","96.3069306930693","397.533333333333","316",""
"34 (B5)","45-1","1495.84905660377","321.078125","2526.43333333333","358",""
"35 (C5)","45-2","1663.26666666667","314.049180327869","2798.55555555556","343",""
"36 (D5)","48-1","4243.95555555556","157.944881889764","2058.89344262295","373",""
"37 (E5)","48-2","4054.57608695652","172.827586206897","1957.94444444444","330",""
"38 (F5)","52-1","4191.67777777778","58.0671641791045","234.088888888889","348",""
"39 (G5)","52-2","3790.26666666667","63.1703703703704","240.674796747967","384",""
"40 (H5)","background","10.9222222222222","9.38582677165354","3.52380952380952","356",""
"41 (A6)","QC-L-2","3994.52083333333","120.58","370.777777777778","316",""
"42 (B6)","45-1","1617.44329896907","315.883928571429","2786.6","331",""
"43 (C6)","45-2","1618.35555555556","334.815789473684","2780.54444444444","368",""
"44 (D6)","48-1","4136.76","159.295238095238","1994.93333333333","325",""
"45 (E6)","48-2","4142.65555555556","162.028301886792","1808.91869918699","351",""
"46 (F6)","52-1","4125.30927835052","62.1376146788991","240.411111111111","326",""
"47 (G6)","52-2","3798.64444444444","55.0357142857143","236.62962962963","344",""
"48 (H6)","background","11.71","9.74782608695652","3.33333333333333","337",""

"DataType:","Trimmed %CV"
"Location","Sample","Abeta1-42","P-tau181P","tau","Total Events","Notes"
"1 (A1)","Background","44.0855006371282","29.8585985548478","77.3212498296334","365",""
"2 (B1)","St1","13.6056637315215","18.1916776659161","12.8786925024328","322",""
"3 (C1)","St2","17.5114249035889","22.1745433569567","18.8123814359259","344",""
"4 (D1)","St3","16.5091773434326","32.8789340358399","26.5507855454842","333",""
"5 (E1)","St4","18.3801842132147","40.2708324824439","44.961792317014","316",""
"6 (F1)","St5","25.2806121567898","38.5936010644472","37.2829433971182","364",""
"7 (G1)","St6","22.0801683929884","27.0927678843287","30.464424853414","306",""
"8 (H1)","St7","26.5543963439735","28.3709551529082","43.0289972633903","333",""
"9 (A2)","Background","35.8262358620043","28.8015529092871","68.3918547095362","385",""
"10 (B2)","St1","17.4643866129085","19.8570789786612","12.237952513788","332",""
"11 (C2)","St2","15.9767453996176","20.3799414478653","19.2275512182532","324",""
"12 (D2)","St3","16.4925881458591","26.7287266468733","30.0409572594823","340",""
"13 (E2)","St4","19.7957118119042","28.6827714365088","40.1947419871709","388",""
"14 (F2)","St5","19.9735627160531","34.7149200084211","33.7407808778539","367",""
"15 (G2)","St6","21.0761481484972","37.4633702803912","36.510837278633","333",""
"16 (H2)","St7","24.2768799196709","29.7403930728177","40.035601568158","388",""
"17 (A3)","ConA","19.8323391720441","28.5026380846736","36.2032694228592","372",""
"18 (B3)","ConB","22.2573239594066","25.737833702723","30.898495710774","335",""
"19 (C3)","3507","20.1341073756778","33.4900380669752","43.1863974289566","349",""
"20 (D3)","3512","25.304377272689","46.7444987754005","36.7219253464369","326",""
"21 (E3)","3509","24.1434159943267","22.7574708503291","21.6751517874112","340",""
"22 (F3)","A-1","21.419167343572","36.5222840393303","34.5293540937725","377",""
"23 (G3)","A-2","18.7119134877583","58.3085128700997","31.1459640312163","367",""
"24 (H3)","QC-L-1","20.7693237947486","58.3737899095503","26.4928682452703","368",""
"25 (A4)","ConA","19.7311286743991","37.4444327445684","35.6011018071102","309",""
"26 (B4)","ConB","18.356182171852","29.6453932999894","37.8072305197446","358",""
"27 (C4)","3507","19.4938725834625","27.8643730328233","35.6553819784852","368",""
"28 (D4)","3512","24.9892220821115","26.4555775130078","38.116362963015","309",""
"29 (E4)","3509","23.0378534246245","27.7012145199446","25.9605725258025","362",""
"30 (F4)","A-1","21.4234472216862","40.8071845188555","25.9780757367529","362",""
"31 (G4)","A-2","24.8911240259413","51.777152810998","33.1167463375805","355",""
"32 (H4)","QC-L-1","20.2494411450055","55.1028609339757","33.3615782622428","354",""
"33 (A5)","QC-L-2","25.1739687957395","48.419873109588","27.6757791894364","316",""
"34 (B5)","45-1","27.7210902272926","62.4766608109202","29.4284998683358","358",""
"35 (C5)","45-2","21.5665192972736","55.4077675495977","21.3887561198975","343",""
"36 (D5)","48-1","19.9143678789141","54.5503800735783","40.4318949677115","373",""
"37 (E5)","48-2","21.2236389798482","63.5306984099843","47.7030852818559","330",""
"38 (F5)","52-1","18.4479051479378","57.0878332838753","28.157205053004","348",""
"39 (G5)","52-2","21.1832199727169","56.8522443824004","32.8404735349968","384",""
"40 (H5)","background","45.1719543188983","30.0466826258256","71.4999162072476","356",""
"41 (A6)","QC-L-2","22.7035046211346","51.9614274298347","31.2248613810632","316",""
"42 (B6)","45-1","23.0340529257427","52.803324040782","24.1633854576768","331",""
"43 (C6)","45-2","26.4851492340249","67.0794072071249","25.3760059827956","368",""
"44 (D6)","48-1","19.4953517204526","48.1571926267209","39.4696336940099","325",""
"45 (E6)","48-2","20.259930779295","42.1025592365743","41.8056731851887","351",""
"46 (F6)","52-1","23.4983883799059","55.492100983344","34.504728495535","326",""
"47 (G6)","52-2","19.3895122453388","44.5873498387131","33.162743342649","344",""
"48 (H6)","background","43.2606260216343","29.1696704648699","72.0954423593389","337",""

"DataType:","Trimmed Peak"
"Location","Sample","Abeta1-42","P-tau181P","tau","Total Events","Notes"
"1 (A1)","Background","9","9","4","365",""
"2 (B1)","St1","14535","8016","15911","322",""
"3 (C1)","St2","10882","5650","9058","344",""
"4 (D1)","St3","6514","1886","2656","333",""
"5 (E1)","St4","5786","401","1775","316",""
"6 (F1)","St5","1547","121","235","364",""
"7 (G1)","St6","1440","44","98","306",""
"8 (H1)","St7","171","14","14","333",""
"9 (A2)","Background","12","9","2","385",""
"10 (B2)","St1","19465","9587","15904","332",""
"11 (C2)","St2","9306","3839","9371","324",""
"12 (D2)","St3","5748","1456","2704","340",""
"13 (E2)","St4","3991","431","1219","388",""
"14 (F2)","St5","2021","131","323","367",""
"15 (G2)","St6","1220","36","55","333",""
"16 (H2)","St7","184","15","10","388",""
"17 (A3)","ConA","3361","181","749","372",""
"18 (B3)","ConB","1358","676","2540","335",""
"19 (C3)","3507","9389","1033","275","349",""
"20 (D3)","3512","1266","194","254","326",""
"21 (E3)","3509","3932","3585","4728","340",""
"22 (F3)","A-1","4158","152","160","377",""
"23 (G3)","A-2","3511","153","416","367",""
"24 (H3)","QC-L-1","3692","89","310","368",""
"25 (A4)","ConA","4107","170","720","309",""
"26 (B4)","ConB","1874","548","3541","358",""
"27 (C4)","3507","6933","521","511","368",""
"28 (D4)","3512","1359","275","217","309",""
"29 (E4)","3509","2092","2810","9355","362",""
"30 (F4)","A-1","3537","105","382","362",""
"31 (G4)","A-2","4009","120","336","355",""
"32 (H4)","QC-L-1","3211","67","347","354",""
"33 (A5)","QC-L-2","2098","55","486","316",""
"34 (B5)","45-1","707","153","1908","358",""
"35 (C5)","45-2","1143","214","2403","343",""
"36 (D5)","48-1","4221","110","1385","373",""
"37 (E5)","48-2","2997","100","1415","330",""
"38 (F5)","52-1","4068","40","188","348",""
"39 (G5)","52-2","4292","39","146","384",""
"40 (H5)","background","8","9","3","356",""
"41 (A6)","QC-L-2","3316","69","259","316",""
"42 (B6)","45-1","1576","206","3078","331",""
"43 (C6)","45-2","898","131","3149","368",""
"44 (D6)","48-1","3930","94","1550","325",""
"45 (E6)","48-2","2705","106","1611","351",""
"46 (F6)","52-1","2246","45","164","326",""
"47 (G6)","52-2","3151","36","205","344",""
"48 (H6)","background","13","12","2","337",""

"DataType:","Trimmed StdDev"
"Location","Sample","Abeta1-42","P-tau181P","tau","Total Events","Notes"
"1 (A1)","Background","5.3637359108506","2.97590698929983","2.59441549015133","365",""
"2 (B1)","St1","2774.19937007848","2096.30182434233","2661.94846809785","322",""
"3 (C1)","St2","2601.88069171716","1353.87110972658","2598.89914140411","344",""
"4 (D1)","St3","1542.41758648918","743.329799720012","1555.42522275247","333",""
"5 (E1)","St4","1051.89181579421","252.980609827684","734.875516648084","316",""
"6 (F1)","St5","720.345762795568","66.4198650837199","177.77688653517","364",""
"7 (G1)","St6","328.790880835903","13.334721693068","31.1481819445684","306",""
"8 (H1)","St7","60.585330503017","4.15340559670953","7.17723674353349","333",""
"9 (A2)","Background","4.56983541884233","2.90127642972886","2.34665629920794","385",""
"10 (B2)","St1","3525.16560873064","2100.63411623067","2577.41206279636","332",""
"11 (C2)","St2","2279.04190179499","1163.52725001122","2618.07678374184","324",""
"12 (D2)","St3","1540.85927746956","489.316988131561","1671.77927149019","340",""
"13 (E2)","St4","1034.68226498461","166.457002317985","678.960649482404","388",""
"14 (F2)","St5","510.88708553771","60.3910074862913","154.28909300312","367",""
"15 (G2)","St6","309.04892747837","19.1791642852114","38.0303835539437","333",""
"16 (H2)","St7","52.6889217189924","4.5876138250623","7.66301266378958","388",""
"17 (A3)","ConA","801.585688248919","54.8418467647257","378.636507401154","372",""
"18 (B3)","ConB","410.66988437501","240.516811687194","1278.48114029147","335",""
"19 (C3)","3507","3007.00432820402","417.155956063389","237.505375585211","349",""
"20 (D3)","3512","434.633607230656","158.645382882687","180.154913561243","326",""
"21 (E3)","3509","894.154035634238","969.522442678427","2417.84150673393","340",""
"22 (F3)","A-1","888.697184696877","71.8870926152603","123.538355757719","377",""
"23 (G3)","A-2","729.364954083999","134.026281725701","135.014293412653","367",""
"24 (H3)","QC-L-1","849.583107412302","66.3730120164659","99.0215105447387","368",""
"25 (A4)","ConA","812.491419117465","77.9693456262672","341.841779551872","309",""
"26 (B4)","ConB","340.715216019136","229.272040565025","1288.54382821099","358",""
"27 (C4)","3507","2610.04326414317","262.813400279719","191.097511756518","368",""
"28 (D4)","3512","437.089260018444","76.7265193488362","176.652401727813","309",""
"29 (E4)","3509","795.957835820777","1080.72851832725","2702.96536267698","362",""
"30 (F4)","A-1","801.205421021621","71.5385950954818","93.9944509212911","362",""
"31 (G4)","A-2","965.648763209082","89.5092433043671","130.336474669271","355",""
"32 (H4)","QC-L-1","819.872992172141","62.1155241759151","144.229516511734","354",""
"33 (A5)","QC-L-2","989.771555870722","46.631693637323","110.02044753774","316",""
"34 (B5)","45-1","414.665666645238","200.598891094312","743.491430173592","358",""
"35 (C5)","45-2","358.708726631787","174.007639827482","598.576222657621","343",""
"36 (D5)","48-1","845.156921950946","86.1595333776305","832.44963421841","373",""
"37 (E5)","48-2","860.528590858909","109.798572562359","933.999908104693","330",""
"38 (F5)","52-1","773.27674055163","33.1492858792413","65.9128884507431","348",""
"39 (G5)","52-2","802.900525552565","35.9137733402304","79.0387429314236","384",""
"40 (H5)","background","4.93378123283078","2.82012958188851","2.51952085682682","356",""
"41 (A6)","QC-L-2","906.896221988018","62.6550891948946","115.774847142898","316",""
"42 (B6)","45-1","372.562745528414","166.797214396324","673.336899163621","331",""
"43 (C6)","45-2","428.623884026022","224.592446814803","705.591124576513","368",""
"44 (D6)","48-1","806.475911830996","76.7121146547176","787.392879106368","325",""
"45 (E6)","48-2","839.299147980176","68.2180617819022","756.23063956788","351",""
"46 (F6)","52-1","969.381196099097","34.4814678862558","82.9532011619878","326",""
"47 (G6)","52-2","736.538629712438","24.538966464806","78.4728767467351","344",""
"48 (H6)","background","5.06581930713337","2.84340874705384","2.40318141197796","337",""

"DataType:","Avg Result"
"Location","Sample","Abeta1-42","P-tau181P","tau","Total Events","Notes"
"1 (A1)","Background","N/A","N/A","N/A","365",""
"2 (B1)","St1","1793.82 pg/mL","205.79 pg/mL","1412.40 pg/mL","322",""
"3 (C1)","St2","885.45 pg/mL","135.81 pg/mL","619.06 pg/mL","344",""
"4 (D1)","St3","420.63 pg/mL","76.60 pg/mL","277.37 pg/mL","333",""
"5 (E1)","St4","205.71 pg/mL","42.85 pg/mL","122.54 pg/mL","316",""
"6 (F1)","St5","97.95 pg/mL","23.61 pg/mL","58.46 pg/mL","364",""
"7 (G1)","St6","60.17 pg/mL","12.88 pg/mL","26.12 pg/mL","306",""
"8 (H1)","St7","20.33 pg/mL","4.32 pg/mL","8.65 pg/mL","333",""
"9 (A2)","Background","N/A","N/A","N/A","385",""
"10 (B2)","St1","1793.82 pg/mL","205.79 pg/mL","1412.40 pg/mL","332",""
"11 (C2)","St2","885.45 pg/mL","135.81 pg/mL","619.06 pg/mL","324",""
"12 (D2)","St3","420.63 pg/mL","76.60 pg/mL","277.37 pg/mL","340",""
"13 (E2)","St4","205.71 pg/mL","42.85 pg/mL","122.54 pg/mL","388",""
"14 (F2)","St5","97.95 pg/mL","23.61 pg/mL","58.46 pg/mL","367",""
"15 (G2)","St6","60.17 pg/mL","12.88 pg/mL","26.12 pg/mL","333",""
"16 (H2)","St7","20.33 pg/mL","4.32 pg/mL","8.65 pg/mL","388",""
"17 (A3)","ConA","147.03 pg/mL","25.99 pg/mL","88.72 pg/mL","372",""
"18 (B3)","ConB","72.88 pg/mL","51.01 pg/mL","203.50 pg/mL","335",""
"19 (C3)","3507","839.53 pg/mL","57.17 pg/mL","63.14 pg/mL","349",""
"20 (D3)","3512","67.52 pg/mL","31.48 pg/mL","58.77 pg/mL","326",""
"21 (E3)","3509","127.76 pg/mL","109.51 pg/mL","485.06 pg/mL","340",""
"22 (F3)","A-1","144.68 pg/mL","24.90 pg/mL","50.18 pg/mL","377",""
"23 (G3)","A-2","139.52 pg/mL","24.33 pg/mL","53.24 pg/mL","367",""
"24 (H3)","QC-L-1","148.83 pg/mL","18.27 pg/mL","52.63 pg/mL","368",""
"25 (A4)","ConA","147.03 pg/mL","25.99 pg/mL","88.72 pg/mL","309",""
"26 (B4)","ConB","72.88 pg/mL","51.01 pg/mL","203.50 pg/mL","358",""
"27 (C4)","3507","839.53 pg/mL","57.17 pg/mL","63.14 pg/mL","368",""
"28 (D4)","3512","67.52 pg/mL","31.48 pg/mL","58.77 pg/mL","309",""
"29 (E4)","3509","127.76 pg/mL","109.51 pg/mL","485.06 pg/mL","362",""
"30 (F4)","A-1","144.68 pg/mL","24.90 pg/mL","50.18 pg/mL","362",""
"31 (G4)","A-2","139.52 pg/mL","24.33 pg/mL","53.24 pg/mL","355",""
"32 (H4)","QC-L-1","148.83 pg/mL","18.27 pg/mL","52.63 pg/mL","354",""
"33 (A5)","QC-L-2","142.18 pg/mL","18.25 pg/mL","52.49 pg/mL","316",""
"34 (B5)","45-1","63.24 pg/mL","30.06 pg/mL","156.15 pg/mL","358",""
"35 (C5)","45-2","64.77 pg/mL","30.19 pg/mL","162.35 pg/mL","343",""
"36 (D5)","48-1","155.46 pg/mL","22.20 pg/mL","131.21 pg/mL","373",""
"37 (E5)","48-2","151.37 pg/mL","22.21 pg/mL","121.19 pg/mL","330",""
"38 (F5)","52-1","149.90 pg/mL","13.22 pg/mL","39.96 pg/mL","348",""
"39 (G5)","52-2","139.22 pg/mL","13.46 pg/mL","39.85 pg/mL","384",""
"40 (H5)","background","<15.67 pg/mL","<4 pg/mL","<7.33 pg/mL","356",""
"41 (A6)","QC-L-2","142.18 pg/mL","18.25 pg/mL","52.49 pg/mL","316",""
"42 (B6)","45-1","63.24 pg/mL","30.06 pg/mL","156.15 pg/mL","331",""
"43 (C6)","45-2","64.77 pg/mL","30.19 pg/mL","162.35 pg/mL","368",""
"44 (D6)","48-1","155.46 pg/mL","22.20 pg/mL","131.21 pg/mL","325",""
"45 (E6)","48-2","151.37 pg/mL","22.21 pg/mL","121.19 pg/mL","351",""
"46 (F6)","52-1","149.90 pg/mL","13.22 pg/mL","39.96 pg/mL","326",""
"47 (G6)","52-2","139.22 pg/mL","13.46 pg/mL","39.85 pg/mL","344",""
"48 (H6)","background","<15.67 pg/mL","<4 pg/mL","<7.33 pg/mL","337",""

